##date,109.201.152.246,109.201.154.170,109.201.154.205,178.162.199.142,178.162.211.216,185.100.85.132,31.168.172.147,46.166.190.223,5.153.233.58,60.12.119.222,92.240.253.181
2016/10/30,,,,,,,51,,,,
2016/10/31,,,,,,,39,,,,
2016/11/21,,,,,,,2,,,,
2016/11/23,,,,,6,,,,,,
2016/11/24,,,,,1893,,,,,,
2016/11/29,,,,,,,,,,,6904
2016/12/01,180,,,,,,,,1,,
2016/12/02,,,,,,,,,1,,
2016/12/03,,,,,,,,,1,,
2016/12/04,,,,,,,,,1,,
2016/12/07,,,,52,,,,,,,
2016/12/14,,,,,,1,,,,,
2016/12/17,255,,,,,,,,,,
2016/12/18,,102,,,,,,,,,
2016/12/21,255,,,,,,,,,,
2016/12/22,255,,,,,,,,,,
2016/12/24,80,,,,,,,,,,
2016/12/26,,,80,,,,,,,,
2017/01/31,,,,,,,,,,97,
2017/02/24,,,,,,,,,,141,
2017/02/27,,,,,,,,,,40,
2017/03/25,,,,,,,,,,122,
2017/03/26,,,,,,,,,,70,
2017/03/28,,,,,,,,,,33,
2017/03/31,,,,,,,,,,141,
2017/04/09,,,,,,,,,,134,
2017/04/17,,,,,,,,,,133,
2017/04/23,,,,,,,,,,126,
2017/04/30,,,,,,,,1,,,
2017/05/09,,,,,,,,,,197,
